FlatSize,Speed,Repeat,RMS,Peak,CrestFactor,Kurtosis,Skewness,ShapeFactor,ImpulseFactor,SpectralEntropy,BandEnergy_0_200Hz,BandEnergy_200_1000Hz,BandEnergy_1000_3000Hz,FFT_PeakFreq,STFT_SpectralEntropy,CWT_SpectralEntropy
35,5,0,76.25347090718036,1970.9948366039773,25.84793601071843,238.7876987514035,13.458648790844773,4.334597767173467,112.04040571810275,6.222305643056748,0.492811653597902,0.49045738243448106,0.016730963967617054,80.0,4.3529189539386755,4.873624301005577
35,5,1,72.86596799751659,2058.0193379766743,28.24390308033533,289.07504647648597,14.592273870289722,4.21930281000742,119.16957963243607,6.454052783693138,0.43700332887547244,0.53308921365255,0.029907457471977542,81.66666666666667,4.5528616523912095,4.930267211703626
35,5,2,65.88745257015734,1975.4363519167493,29.98198101244381,352.239697295277,15.792266947926493,3.8181546188022115,114.47583928350254,6.398775111224337,0.5367158294114721,0.3922789095103896,0.07100526107813843,26.666666666666668,4.698059108368165,4.995137281245778
35,5,3,54.1343984818298,1421.4803357888998,26.258356528446868,188.36394010249947,11.333218963755538,3.2915337061552403,86.43026558162437,6.549434941879988,0.4753001881408246,0.4547473878032123,0.06995242405596329,55.0,4.5997181065487736,4.861584893688155
35,5,4,77.62557254646481,1851.6376840933476,23.853449621708126,251.31283434941653,14.947816097650946,4.95443032705175,118.18025421059181,6.025918295343774,0.6124895672445778,0.36274119400858346,0.024769238746838698,26.666666666666668,4.20343542869823,4.7401443517135675
35,5,5,85.2781257991044,2249.675868582546,26.380456271779046,281.45198483498007,14.92522806510712,4.934095731852941,130.16369669491814,6.520374133675509,0.41597060284620746,0.5429524076222211,0.041076989531571566,23.333333333333336,4.703402595351956,4.9978850663125325
35,5,6,82.22183605604481,2052.7038722708,24.965434618507143,252.31441915256048,14.010957998825278,4.5079962195741645,112.54408488025618,6.547674156527182,0.41113943429744354,0.5512902236859879,0.03757034201656846,201.66666666666669,4.624788083480779,5.022103879235898
35,5,7,60.063388717887264,1738.0050172813294,28.936179832353353,266.25541705645935,13.613758700367118,3.645244319520178,105.4794451625004,6.258993854256165,0.5242272315610167,0.44312499847818865,0.03264776996079455,135.0,4.4141144071035185,4.858911476167293
35,5,8,50.00148905343538,1426.6294459220826,28.53173921275581,225.25931388539752,12.025635168144419,3.110459469108984,88.74681840446442,6.563737726826235,0.4872586354768638,0.4407709061715418,0.07197045835159446,76.66666666666667,4.686953770490469,4.870007328499572
35,5,9,43.67167820136167,1272.7410364992543,29.143396565409994,231.93922749369202,12.107798475632814,2.9925448639282894,87.21292170924303,6.411223385476967,0.526216819246256,0.4085709614849514,0.06521221926879246,46.66666666666667,4.611376138512284,4.84988150937566
35,5,10,53.95738106042378,1523.8372859669669,28.241498308832092,245.2333978127286,12.944152380473833,3.4183673898718694,96.53981686003317,6.535862812482984,0.4745746411526899,0.467664455101881,0.05776090374542914,131.66666666666669,4.578149588201227,4.897990061596108
35,5,11,53.713351335158315,1574.0994437658937,29.305552616590504,256.49140752431754,13.155136903231076,3.6154660640113208,105.95323097238112,6.437133741445201,0.4885801219922408,0.4599849939396408,0.05143488406811831,116.66666666666667,4.563777113521255,4.867859036092128
35,5,12,53.13545351539866,1479.3487957355374,27.841087218853264,223.5325726756211,12.323762201379818,3.3195385184681547,92.41956141901484,6.2617135780923885,0.5320874253866847,0.42843062238901825,0.039481952224296964,80.0,4.34961869098878,4.7923497099713
35,5,13,34.96480504452642,750.0488335723996,21.451537699616498,135.52954212766252,9.506060368627754,2.5694062776569875,55.117715630790165,6.68182785913346,0.5041910650648921,0.38757540186768913,0.10823353306741883,88.33333333333334,4.913288236086511,4.862368794742846
35,5,14,74.48235599766302,1733.874646886404,23.278998410587423,232.54754795488805,14.353681989872136,4.756167634767019,110.71881881022878,5.93721992584756,0.6495610280995228,0.32422897847850735,0.026209993421969897,26.666666666666668,4.1090280815916005,4.688369016336113
35,5,15,72.21511526651504,1972.662392040531,27.316475017179982,261.6537147494686,13.902739949176095,4.175299506814096,114.05446466713116,6.360320601729776,0.46577244100959936,0.5085118561242331,0.02571570286616761,51.66666666666667,4.444985954092037,4.889936268054283
35,5,16,94.30260998850957,2083.852379070978,22.097504823301154,262.3959979574963,14.511643024784616,5.028889297620652,111.1259055100199,6.558425985479019,0.36368819755382453,0.6065160225155976,0.029795779930577825,148.33333333333334,4.591110146218603,5.021817114313389
35,5,17,77.54969496117113,2020.330217341041,26.052071750283652,250.80111018565876,13.85481094567728,4.441668829719042,115.71467504283892,6.263750132427195,0.4828835291635602,0.49855896741269706,0.018557503423742804,15.0,4.352111941080928,4.8879754815764205
35,5,18,52.630287706778205,1851.909166870419,35.18713743668009,605.767739540511,21.196624654188096,3.618325927686983,127.31853170822484,6.827650145783106,0.3526853301431019,0.5835067444215593,0.06380792543533886,53.333333333333336,4.887023296301039,5.067811068047434
35,5,19,88.07475031286167,2075.9341088019046,23.570139017456327,243.6573037381916,13.88234527679252,4.698473867862713,110.74368223540988,6.411949056185806,0.45972123788484676,0.5091151374475757,0.031163624667577494,53.333333333333336,4.538931426226877,4.990007103699603
35,5,20,73.245271472127,2109.970302758473,28.806914908649194,268.6694025697944,13.763096642769373,4.136983457543812,119.17373043995391,6.657961787629396,0.4059214801177664,0.5397952437215146,0.05428327616071897,58.333333333333336,4.624071145358808,4.951459919063199
35,5,21,68.96997814804583,2081.6632692293047,30.182165126411395,381.17075786471406,16.822779485999334,4.209726993175221,127.05867524512584,6.617921598249953,0.4702391526477149,0.4491086110244448,0.08065223632784034,28.333333333333336,4.848461319493357,5.060217332024246
35,5,22,64.14365421122238,1788.8464163155068,27.888127645876082,242.63268783442737,13.131857484479657,3.7820084549461868,105.47313454932184,6.301275833256762,0.5078731673615807,0.4588555261067537,0.03327130653166554,148.33333333333334,4.555840005435047,4.915065669001249
35,5,23,100.27169168934509,2259.3717441734802,22.53249851586539,238.41313864952141,13.890538072556057,5.114345428684597,115.23898078145864,6.323947339605614,0.4629307533493698,0.5173335832937418,0.019735663356888394,148.33333333333334,4.525480335172678,5.007743259120838
35,5,24,103.15874531880867,2197.382297433481,21.300979288208133,294.98409580189303,16.039157347982105,6.063023501540167,129.14833803022626,6.242758898070543,0.47533618407217293,0.49547853484660753,0.029185281081219438,26.666666666666668,4.337668804866375,4.87773254404417
35,5,25,77.48911598150498,2001.1597622141005,25.82504312853092,244.03844041347946,13.679035626760584,4.4288369645702215,114.37490561925793,6.237756108247463,0.4893426098920464,0.4931087365365399,0.017548653571413848,120.0,4.321765893057665,4.8773133899940815
35,5,26,112.41274651251022,2064.1361439652655,18.362118247289256,231.86113190884353,14.517268178563826,5.940543091997043,109.08095470836703,6.115613125401124,0.4802898602985009,0.5044435250707064,0.015266614630792753,66.66666666666667,4.220234347419504,4.86259368059892
35,5,27,91.71386727419011,1717.2140388805708,18.72360298303357,215.93679395443883,13.516610704424112,5.226927330497777,97.86691215740785,6.176750056719674,0.5188601121045775,0.4473420913866691,0.03379779650875336,53.333333333333336,4.302071200050245,4.8160736365138215
35,5,28,72.32809383934809,2047.2473587643326,28.305009161607195,279.5689839775223,14.262219341520693,4.193847529389398,118.70689274175062,6.534051547439691,0.42093222557228505,0.5412824797130134,0.03778529471470153,143.33333333333334,4.56686876344849,4.9499681353337515
35,5,29,43.32210123787863,1218.2057400572749,28.11972885082818,200.7175764172623,11.140540584552003,2.811348288336652,79.05435157326659,6.597816909830319,0.4971515925371992,0.4136619510091843,0.08918645645361649,121.66666666666667,4.743214674563223,4.8431268661432725
35,5,30,56.71554218779918,1457.6534559229772,25.701128821026277,197.103304116307,11.5815540939628,3.350694434470905,86.11662930023252,6.67587786562515,0.44084001947334883,0.4827410794666379,0.07641890106001331,26.666666666666668,4.686062899232408,4.916630211513225
35,5,31,95.03923799982714,1940.6277584231866,20.419226829519786,175.01787752096178,12.325269196360036,5.12050690394913,104.55679195385937,5.971584049164037,0.5887442083728692,0.39316113170442873,0.018094659922702018,56.66666666666667,4.186299234281656,4.761248956718887
35,5,32,76.81278039793436,1943.651208959705,25.30374761713447,226.15984412457533,13.16299735037104,4.354365057119776,110.18175443822813,6.170703016535382,0.5049983687012369,0.47993497399420576,0.01506665730455729,31.666666666666668,4.225003246240952,4.85063418478034
35,5,33,78.84813900851064,2090.024492418037,26.506960325245544,267.64622150740934,14.2487520054023,4.4353521518114345,117.56770351655813,6.348030796762803,0.45432716025400444,0.5252983250457173,0.020374514700278446,51.66666666666667,4.451056114710641,4.925178233746931
35,5,34,67.30400792458276,1858.5469824637973,27.614209610613155,251.98048891923153,13.489784941761323,3.9377110419504904,108.73677809844678,6.36456860321146,0.47872025322715595,0.4899334534905469,0.03134629328229715,55.0,4.4008166718341055,4.859831283407404
35,5,35,72.4098616662237,1922.1977257474143,26.54607648068526,236.24344721090796,13.122404203444175,4.117340707278501,109.29924131245384,6.41929888607556,0.45361362979251046,0.5130932601456055,0.033293110061883936,225.0,4.533230080107305,4.913348155933779
35,5,36,44.79162759528602,1188.752323500693,26.5396099074953,166.59973437066057,10.171026236138541,2.8173069021978154,74.77022617402403,6.705718923307133,0.4731789271639421,0.4273626056115002,0.09945846722455776,91.66666666666667,4.67480826639944,4.850504071090854
35,5,37,117.31895094418086,2139.7092218137964,18.23839375133731,218.73911821560299,13.88867857460623,5.807189001915317,105.91379960536706,6.559136376314809,0.358128230112342,0.6017088676728507,0.04016290221480732,33.333333333333336,4.394576016509583,4.912665084738978
35,5,38,34.881921413745516,756.4260636200347,21.685332486356632,102.5326565978636,7.920929869597623,2.3311382937581824,50.551508971824276,6.268331753055868,0.6035605823150579,0.3196260763406002,0.07681334134434185,33.333333333333336,4.505342214672807,4.7413761267933365
35,5,39,131.5159347580153,2702.7838892567847,20.55099934642758,239.52712891076865,14.537226518127797,6.474045165826853,133.0480979716503,6.384889406398862,0.4166113121950772,0.5412787669663474,0.042109920838575496,28.333333333333336,4.195895946211655,4.867004957059546
35,5,40,122.58908782242878,2282.192954992274,18.616607689405825,241.28481183298751,14.774263359416906,6.349659983408482,118.20912887223481,6.348512814761426,0.405855978620826,0.5690343545301133,0.025109666849060675,26.666666666666668,4.368147278448046,4.9118165505334215
35,5,41,107.2571912227783,2728.61967361347,25.43996950233385,451.4143274821837,20.084088393157902,6.613747356930372,168.25353105644976,6.45765285564285,0.33863681616045765,0.6399795280396893,0.02138365579985304,26.666666666666668,4.505499751020745,5.010408001354932
35,5,42,74.07578459684649,1797.7495582570705,24.269058613975222,228.09197356946498,13.23130811891697,4.327176914850067,105.01651017953677,6.4941866991235315,0.4504331383124518,0.5004883650016654,0.04907849668588295,23.333333333333336,4.622643245817716,4.943529184599516
35,5,43,29.50591882670527,687.6860179170708,23.306714220831473,100.70967582181625,7.472569963052125,2.1447236086557564,49.98646022961012,6.3425886426582325,0.5864545712849752,0.33138573561667384,0.08215969309835092,146.66666666666669,4.476860177451985,4.664795976161587
35,5,44,85.10101389922073,2220.7249659742874,26.095164607605486,402.07840122627266,18.08623921101517,5.184725905765661,135.29627595627136,6.609119897953498,0.3336544789571458,0.632969990698318,0.03337553034453622,40.0,4.6545964736697565,5.040484291040684
35,5,45,79.94405294230154,2406.11032037528,30.09742728595278,529.2026849875367,20.873647571896186,4.749486683924425,142.94733011501637,6.5315989294573065,0.3725426799750768,0.5984214933529647,0.029035826671958528,26.666666666666668,4.5723309701826205,5.0017238913645246
35,5,46,51.188452922287226,1425.467493930754,27.84744239281574,214.5163019685724,11.78201258292894,3.1270459537603195,87.08023205702804,6.599995727293153,0.4675394682164607,0.4623543384812155,0.07010619330232373,55.0,4.640329377376783,4.878937975380449
35,5,47,37.04339118607423,877.9109422945608,23.699529502703708,108.9303188623803,8.149946354779372,2.4437034449526185,57.91462188951327,6.2122766938270395,0.5972497001731207,0.3374419762458893,0.0653083235809901,26.666666666666668,4.414432517245798,4.724383764717
35,5,48,73.34935668096242,2050.1361576569634,27.950295004960413,278.14173615362915,14.271333643832916,4.223841294978844,118.05761024879271,6.4504949522371655,0.4390696378485805,0.5309186240149013,0.030011738136518137,81.66666666666667,4.580843260280498,4.940723938248357
35,5,49,45.72366538560595,1208.7798938464628,26.436635900738462,206.2005678214915,11.634951450590483,3.080346989982043,81.43401182209094,6.639289905165794,0.472827241356104,0.4442210126599674,0.08295174598392857,30.0,4.554800519213982,4.857753926956041
35,10,0,18.969942865203944,280.6569480106254,14.794823052705492,36.75165536567921,4.382279386652035,1.627056345017244,24.072010721311862,6.2233859398859686,0.6519738302023615,0.2534852089254274,0.09454096087221099,53.333333333333336,4.27978316959035,4.466343797433231
35,10,1,15.3057817429013,328.798749621394,21.48199648632049,74.49557684729702,5.605340261868131,1.5923273269893834,34.20637004345803,6.4500000313757875,0.6285671345539494,0.2532891037525498,0.11814376169350084,106.66666666666667,4.4287671791118886,4.48769523510536
35,10,2,17.720859305786046,335.65606452486674,18.94129730014117,69.82844199365489,5.7551769193981155,1.666892297468104,31.573102573658705,6.3069585649346225,0.6545002756984485,0.24416846648557658,0.101331257815975,80.0,4.341978441145008,4.479976732968799
35,10,3,13.083363113547337,236.30177558574033,18.061241099473776,52.04450056525599,4.550872567271729,1.5111660620117555,27.29353458733665,6.089246760448473,0.6636072671858566,0.23467508080492253,0.10171765200922088,106.66666666666667,4.181075373743436,4.387316030592908
35,10,4,61.808697662748756,1762.2370893623518,28.511150630899436,283.2790025616808,13.764085235530802,3.638180698849267,103.72871792732244,6.887501359791846,0.45561044592670624,0.4236412287032945,0.12074832536999924,50.0,4.81579748334543,4.914985997689367
35,10,5,16.723375443441746,307.6842379554817,18.398453051303314,44.64079725425349,4.452096483913183,1.6353760746277146,30.08838993026271,6.352143889865925,0.6448603100684168,0.24285676544931042,0.11228292448227276,73.33333333333334,4.367850545722447,4.4338841148971575
35,10,6,60.98759685594289,1730.234710795363,28.370271989603108,344.16536606372415,15.59917546484396,3.7003800477817603,104.98078842046908,7.2452283206635215,0.37116941969009387,0.46603979151896385,0.1627907887909423,31.666666666666668,5.3175574614393,5.042435427082893
35,10,7,38.82449471378084,1674.3393180916773,43.12584955541912,815.4465750412415,23.187452713958216,3.038566668884966,131.04076902644405,7.519428776727641,0.28414521958890865,0.5023831313188168,0.21347164909227448,53.333333333333336,5.514452331013137,5.100217167650131
35,10,8,24.333970376217984,794.7875279046624,32.661646069949285,236.34209130456338,10.186244025633671,1.9390946629304686,63.33402357676257,6.639535425028897,0.5858890079957729,0.30196113587339773,0.11214985613082941,80.0,4.611191687765333,4.623159912510873
35,10,9,32.9374154973463,927.2197293182566,28.15095584512272,188.36048925235846,10.296047109211775,2.3236979703293565,65.414318960143,7.0244866236991435,0.4966776377887467,0.3548715138778433,0.14845084833341,80.0,5.057522262876008,4.798336276294091
35,10,10,44.74319238958656,1790.8899652600508,40.025976458417816,527.4898223354371,17.451732595319058,3.0850504419837628,123.48215636387356,6.978487999794771,0.46943037942037374,0.3896423416927085,0.1409272788869178,61.66666666666667,4.817909688831623,4.907076560771806
35,10,11,25.89586598407143,802.9707626210574,31.007681423550977,202.53578602215353,9.629488232163691,1.9922361728056268,61.77462456683133,6.619482236702098,0.5837409697787936,0.30876752455046663,0.10749150567073967,61.66666666666667,4.645503507131752,4.648777892428944
35,10,12,33.89839075172219,999.267621171194,29.478320327652334,196.39068583682356,10.032590565371645,2.28332726823629,67.3086526259327,6.98296417902624,0.49405119692450133,0.36201483940934365,0.14393396366615502,68.33333333333334,4.8393425035745565,4.780561542559896
35,10,13,17.098891784291382,368.2400959204273,21.535904230865217,73.74012753468034,5.814400366232375,1.6560238680264059,35.663971425843656,6.458060004769996,0.6303565844156939,0.2565199495460819,0.11312346603822424,80.0,4.3896474073772245,4.46194260329406
35,10,14,26.966994775685087,709.9300109278893,26.325885284332863,161.3745957102779,9.163254033960747,2.0548450889357404,54.095616088397065,6.796243917374027,0.5576420474659314,0.31958079176201537,0.1227771607720533,80.0,4.666447260880863,4.660827021937157
35,10,15,22.81736595179387,715.1924774741985,31.344217338021483,207.8318870493403,9.742581017130142,1.9491351138586854,61.09411462995589,6.504548584995179,0.5859422718032646,0.309197781594751,0.1048599466019845,66.66666666666667,4.78806703177577,4.656411273583755
35,10,16,13.511756198984148,208.02967208051385,15.396197875162526,37.20725082648809,3.866823176971086,1.4559688345049902,22.41638427610859,5.8925592081926705,0.7105956782494982,0.19808048314671914,0.09132383860378256,80.0,4.0515322298647,4.334510746225521
35,10,17,24.95557163950359,514.3742039601598,20.611597738195172,111.37288681102552,7.900728557528602,1.9886773610596606,40.98981779721725,6.692841234933798,0.5724027474630518,0.29687126995851965,0.13072598257842868,53.333333333333336,5.111879700423475,4.667525128871915
35,10,18,17.970902662328534,402.15933194103053,22.37836014681979,104.38871787987645,7.149588801186591,1.780937401380012,39.854458567023265,6.568586711095612,0.5886727431899735,0.2865205876180236,0.12480666919200276,80.0,4.751679997378466,4.61772927907617
35,10,19,43.12114087294472,1501.9994565015784,34.832089923761046,375.1057533515959,15.232957933841563,3.011200186127508,104.88639566163936,6.759682096348169,0.476903214810627,0.41480104930357736,0.10829573588579566,111.66666666666667,4.90436746689703,4.900338623056568
35,10,20,19.580443996478166,413.7289981900249,21.12970463103085,85.61555306457713,6.333944587620504,1.7268771440671098,36.488403988216135,6.6182778410358996,0.6001285303772212,0.27546987574191995,0.12440159388085895,80.0,4.63495959800736,4.591453498194696
35,10,21,27.45239227920532,779.1719947948784,28.382662861228557,184.8901831430829,9.710674439985638,2.0906891531354312,59.33932538107038,6.493204398229667,0.5864443677266135,0.3119664262429378,0.10158920603044876,53.333333333333336,5.037403641547795,4.7536447174508005
35,10,22,34.35855126218273,842.0427395313243,24.507515846808467,159.01537402786562,9.864678279519833,2.401771217079406,58.861446162982006,7.0375749063629,0.4566651625386844,0.3958040624103686,0.14753077505094703,51.66666666666667,4.986755656965577,4.798620982224166
35,10,23,28.140465508684976,553.0991895722228,19.654941010180522,114.51526899262578,8.309324702097125,2.0746675944251214,40.777469184158896,6.995937709955303,0.5107082991734333,0.33034301329246024,0.15894868753410638,80.0,4.991376657596643,4.701317406178086
35,10,24,20.31498127385494,443.7463476505536,21.843305768716025,86.32171911992565,6.524678031931675,1.779837692669246,38.87753893966036,6.6328660739523135,0.5978176722600123,0.276981683651225,0.12520064408876266,80.0,4.592199873330963,4.533004239074556
35,10,25,20.518299765332667,724.9814419536988,35.333407263043,311.51272883971455,11.680325632423546,2.018646906904394,71.32567328193502,6.841936338468702,0.5538463699834134,0.3114023071887227,0.13475132282786387,106.66666666666667,4.886286938482242,4.6814884355178465
35,10,26,13.378887303716315,260.08873945265486,19.440236960543707,67.5562711026956,5.355385780184419,1.596841318701579,31.042973623945795,6.4810011628898305,0.6015945323795578,0.2586874345787577,0.13971803304168431,106.66666666666667,4.594341321885912,4.484316112009763
35,10,27,25.291592187939603,643.6094377014786,25.447565061103045,152.9133195570012,9.121417128867035,2.070071717955357,52.6782847238183,6.612914888907381,0.5827116302744019,0.3099500926746249,0.10733827705097325,68.33333333333334,4.475198919646583,4.641999962646065
35,10,28,16.823577014313454,339.60595484151537,20.186310827511864,61.161380982654144,5.344152720321048,1.6717080095108057,33.74561749282628,6.637038550636211,0.596702664104641,0.26788213021315804,0.13541520568220103,53.333333333333336,4.5845746581967495,4.482267879770815
35,10,29,42.707744579570935,1643.3659562189068,38.479343088630436,561.8648670314071,18.759415671693688,3.054032601525831,117.51716827797502,7.607966589711799,0.2858457027830355,0.4910000493033468,0.22315424791361768,80.0,5.433166966189062,4.9909582456129415
35,10,30,18.267342054271886,394.9430830819518,21.620172322201242,80.11571786561599,6.146083280291976,1.723433288227557,37.260924677297695,6.71703979488743,0.5865957709133146,0.277635507174696,0.13576872191198935,80.0,4.6938881667432195,4.53671389517476
35,10,31,71.25145356069571,2032.5283158699579,28.52613124781439,322.6709493668058,15.357078479794044,4.130109413333047,117.8160431925722,6.821199794878289,0.46495316974837414,0.427318684518274,0.10772814573335186,143.33333333333334,5.143701035036017,5.035925839775687
35,10,32,18.6331320842007,355.75174242114366,19.09242851999051,63.49999220315238,5.629727564816499,1.7063655375293776,32.57866205425483,6.407375765105599,0.6041581187048556,0.29006282682388784,0.1057790544712566,85.0,4.579333993973469,4.562221306127535
35,10,33,16.89305141922738,305.0028220923664,18.054927705081003,64.45415325188465,5.537424312059377,1.651141743482475,29.81124480941749,6.617277993856319,0.6050203297557639,0.26047032385731694,0.13450934638691917,80.0,4.667276909657074,4.480950535274273
35,10,34,72.17009218068247,1923.9540989353673,26.658606644406444,274.00781633769645,13.905700867188314,4.156273870765483,110.80047022716161,7.305386427052577,0.30504519753063,0.5175809162951156,0.1773738861742545,80.0,5.194159894781763,5.079238870226428
35,10,35,42.801511435060554,1325.9452834740748,30.978936000562264,313.0844293479597,14.265027142067051,2.9422298066665045,91.14714887966834,6.908968186051325,0.47760187537059134,0.39206110999227556,0.1303370146371331,160.0,5.245396181881567,4.9387296623214185
35,10,36,26.22236352196429,637.9521849531553,24.328553923783257,106.52335091956645,7.357882119196646,1.9607618429673699,47.7025002283283,6.546161113201309,0.5738208187111586,0.31745553733948756,0.10872364394935366,106.66666666666667,4.786755925822912,4.628211802709251
35,10,37,40.018650727602505,1526.9589856893708,38.156183627554555,439.91002946425556,15.561721235678815,2.8436867350162083,108.50423324051951,6.969280681236353,0.4933017788306338,0.36900662766716247,0.13769159350220367,120.0,5.018100843857655,4.883194419750698
35,10,38,18.73799891636624,368.5922410821326,19.670843334300486,49.916648148095746,4.590812963965892,1.5623984064569947,30.733694279176277,5.973873429074227,0.6877435962544873,0.23644961797385586,0.07580678577165678,80.0,4.172003728215942,4.421021498523342
35,10,39,46.22453657947379,1584.4622068819115,34.277514154365775,531.6815536281878,19.19569685360994,3.3417082592966234,114.54545215780102,7.183514127775053,0.3573634130211718,0.487938446935414,0.15469814004341406,133.33333333333334,5.127270463397285,4.9933004217415995
35,10,40,17.717841560756998,329.41837662770195,18.592466554014464,54.87193328747857,5.077859802729217,1.648099764023111,30.642239740278825,6.042047657745285,0.6840138727702376,0.22912161964555391,0.08686450758420841,80.0,4.429902163592865,4.473400364600963
35,10,41,18.519936789893364,339.1310633778973,18.31167499248522,61.40785580682549,5.43461835717886,1.665802622787713,30.50363623011805,6.285998587305127,0.6552983940945295,0.24496354755057034,0.0997380583549001,53.333333333333336,4.339523827072552,4.4667393323221525
35,10,42,19.42160373183961,351.66009342287845,18.10664547986683,54.32467675977277,5.251777647904018,1.714411800388112,31.042246676127764,6.569840847582687,0.5672223382138154,0.3183368685487577,0.11444079323742685,80.0,4.543846192240579,4.611129478504035
35,10,43,12.963874872696012,229.20866383098613,17.680567429244178,46.19491527086286,4.279802353783475,1.4923940672747538,26.386373937455257,5.983333162785906,0.6774253581884118,0.2294028574885728,0.09317178432301554,106.66666666666667,4.090999831108137,4.369934461879092
35,10,44,21.655602975802495,483.12003692694657,22.309239667294165,106.9710935518577,7.429242940670545,1.8922152114577175,42.21388265450993,6.99073144750127,0.5223436909360505,0.3230030053813265,0.15465330368262295,80.0,4.971987219273174,4.665528919790669
35,10,45,22.58005967638385,584.4631017432657,25.88403707163569,130.74003457810318,8.263251351024037,1.9873110310461797,51.439632400469854,6.745826194385058,0.5479477906247161,0.3192878266226836,0.13276438275260025,53.333333333333336,4.915760063486402,4.682821384978302
35,10,46,17.696839825677234,306.2662230869442,17.306266322338928,47.25075376888219,4.747751243700591,1.6302660016970005,28.213817601622935,6.162598037103155,0.6552632279403913,0.2507987442305774,0.09393802782903143,86.66666666666667,4.375311255739241,4.460535832500858
35,10,47,18.59888899181649,309.4457056137145,16.63785969956972,46.481171146699026,4.781322289183732,1.6217996718526833,26.983275401093156,5.968505327249547,0.6927054038977116,0.22737755057923045,0.079917045523058,53.333333333333336,4.278349901277506,4.445445966303113
35,10,48,20.28371403981375,495.30094769849205,24.418651669329098,101.30907533207905,6.732095277706988,1.7095545112355943,41.74501611959214,6.621528513482217,0.6109129010957174,0.2632814651405295,0.12580563376375317,80.0,4.543474591159055,4.505690537271772
35,10,49,15.041559134831916,295.75804008473034,19.66272494982518,53.02491440448092,4.651693429799091,1.5215095635011282,29.91702405565125,6.165999721014096,0.6810751890887192,0.2148761122466569,0.10404869866462395,80.0,4.402103899348603,4.442465653572395
35,15,0,7.781351291684911,66.4618829457392,8.541174977765088,13.427577353239608,1.5378542568532598,1.3493464032549467,11.52500373581847,5.579334698960099,0.6343435382719659,0.22514576026005087,0.14051070146798325,120.0,4.489290328000041,4.186245372209487
35,15,1,7.430532887240929,64.1409206611748,8.632075469487804,11.657402679421736,1.163123848858042,1.298101195194595,11.205307483952062,5.35766812403842,0.6836244758884622,0.18727940509753246,0.12909611901400522,120.0,4.293701069221136,4.06729508891045
35,15,2,7.528045193502156,72.65598773822578,9.651375074227623,16.377362030194107,1.7289045126722284,1.3813735148366098,13.332153909292256,5.638959567654641,0.6280358780732208,0.21813392188889963,0.15383020003787953,120.0,4.565914890182352,4.123347003513441
35,15,3,7.907794575319067,72.06409307851045,9.113045665529668,14.732925063814195,1.578803328383274,1.3449528608817336,12.25661683920001,5.665353010644412,0.6321962378440171,0.21951258453808303,0.1482911776178999,120.0,4.555243834446078,4.195743193924196
35,15,4,7.0820667199585285,58.506584689157464,8.261230372805647,7.67636370788261,0.8264349215066332,1.2670965934106524,10.467776862762651,4.906524490751485,0.7304409419005392,0.16810532366536599,0.10145373443409482,120.0,3.931282131738941,3.931502708515845
35,15,5,7.6438989223881855,72.45608610807068,9.478943513480317,16.54422103568524,1.8082202643033503,1.392966328583803,13.203849144825933,5.691016616561536,0.6160458758095734,0.2294120810798497,0.1545420431105769,120.0,4.606740619308274,4.166424223884549
35,15,6,7.48414906322376,64.71469189406386,8.646900448851873,11.965542400014527,1.3159891805035344,1.3241415147475761,11.449719858214218,5.414621748483404,0.6620569984544871,0.2057600202880761,0.13218298125743688,120.0,4.354579436286391,4.105425430869408
35,15,7,6.968170019479975,59.93985607826266,8.601950858072762,7.351104291069701,0.8528503469994295,1.275421440395816,10.971112553617186,4.821415522263273,0.7303742541557956,0.17168260295471702,0.09794314288948738,120.0,3.8778764863911888,3.889353108957283
35,15,8,7.293188093237069,60.61255955727311,8.3108455153486,9.001354239564732,1.0464009027592533,1.294675726790128,10.759849957824427,5.117078573943591,0.6981917268685076,0.19002579839979528,0.11178247473169724,120.0,4.104914568040736,4.0213033562260065
35,15,9,7.470220350746748,68.63989803954959,9.188470328413823,14.191229578599742,1.462313217853178,1.3443195771513257,12.352240546560772,5.492914205342172,0.6568505156716005,0.2013726055666294,0.14177687876177017,120.0,4.430721055457491,4.0807765778242695
35,15,10,7.434876980673386,69.39038588242168,9.333091329257867,13.712626910348677,1.4737124296204285,1.3504277240550826,12.603665282167926,5.435829046486573,0.659514723432545,0.20256087372576695,0.1379244028416879,120.0,4.389342493010539,4.059214094579577
35,15,11,7.011383588747368,60.40667216450316,8.615513814056667,7.5584792987395595,0.9195337847134556,1.2858699829272664,11.078430600990675,4.823013828649407,0.7268460800471219,0.17512396335495697,0.09802995659792103,120.0,3.8850450364109848,3.882105284110602
35,15,12,7.188051405550205,65.2724583934492,9.080688869733113,10.38559001329344,1.1740305073848745,1.3162124721020705,11.952115945621175,5.162352644626937,0.6897166185774939,0.19082469421885723,0.11945868720364891,120.0,4.165002328549846,3.9852487098916995
35,15,13,7.223010507149973,69.56193247701425,9.630601036528427,11.221239080106194,1.3073021991501843,1.3293208585901464,12.802158838617123,5.032839916136327,0.703663117659525,0.17999597400805176,0.11634090833242326,120.0,4.086461785564486,3.8621283867693914
35,15,14,6.936925785471917,62.449855076255126,9.002526047928114,6.806533297680701,0.8474288363302113,1.2675207199795968,11.410888297904917,4.465819858509351,0.7677309745382471,0.1480125248483591,0.08425650061339367,120.0,3.6231503351230647,3.688812065462655
35,15,15,7.562824718435101,74.26665813224659,9.819962897092482,16.525120738678826,1.7716667180221266,1.3894402457289232,13.644251660785088,5.538012470565809,0.6433566635002218,0.20891201391368205,0.14773132258609611,120.0,4.490884046653433,4.052296165018985
35,15,16,7.241180292003219,70.28255077040374,9.705952335977619,10.977822813562895,1.3505592417365733,1.3325950458330535,12.93410399801553,4.979565722768458,0.703348299365627,0.183215770091541,0.1134359305428319,120.0,4.057562644147332,3.8409608876577814
35,15,17,7.327138725246542,70.59607899727084,9.6348768113293,12.511524884120972,1.4819121566618634,1.356906405441698,13.07362606093441,5.256146041576741,0.669962846838135,0.2028786104259831,0.127158542735882,120.0,4.264157352237717,3.976545668223093
35,15,18,8.036663475301884,73.43846183326707,9.137929198971278,14.35885273261324,1.575466854961603,1.341838414497798,12.26162442814075,5.6584382975142,0.6333951379027293,0.2210591876656002,0.14554567443167055,120.0,4.544874513101399,4.207455315454469
35,15,19,7.833566926210504,65.94513156316573,8.418276397501433,12.920714164387107,1.5093363160358302,1.3438535033905774,11.31293022929251,5.576058121645129,0.6328605357629695,0.22855277483927885,0.13858668939775165,120.0,4.4812976847005,4.2007674590659345
35,15,20,7.199366576446449,68.73533421701347,9.547414135278093,10.289669827501866,1.2628475700316355,1.3223479282884658,12.625003302297,4.932678488973398,0.7104048238776147,0.1795800655226026,0.11001511059978267,120.0,4.013290192165965,3.831705795243106
35,15,21,8.01459520683451,73.81651957741042,9.210261737793418,16.219278631023407,1.7684505154231325,1.3715056663130776,12.631926161610206,5.787599128829087,0.6071951874681043,0.23595447459866142,0.15685033793323436,120.0,4.665388378660339,4.245574439303951
35,15,22,7.401748316520368,63.49405203700892,8.578250613479124,11.077952234267443,1.245052133866817,1.3166338739725412,11.294415337132348,5.36474145032818,0.6650532765677369,0.20713792424720964,0.12780879918505333,120.0,4.313025134656264,4.102054768986189
35,15,23,7.6150162358072,70.0037357092913,9.192854426248092,15.525188262571627,1.647493206027689,1.3667647587843008,12.564469462430166,5.63759876161187,0.6307210016214192,0.2186971720129218,0.15058182636565895,120.0,4.551804120945539,4.150077297326851
35,15,24,7.714045334188451,73.80366420834108,9.567439781724529,17.81595206000848,1.9102651257997045,1.4033593967108617,13.426556520148434,5.763090628387534,0.6074303050863161,0.2318393944215044,0.16073030049217965,120.0,4.666573901430109,4.184075971057371
35,15,25,7.4600054043016595,64.61421449477373,8.661416579874764,12.469366308778884,1.2885351533247564,1.315395928630355,11.393192105338718,5.459971627396312,0.6621727014689363,0.20107270668513932,0.13675459184592437,120.0,4.38823933600946,4.109530650259769
35,15,26,7.036172461013715,69.42152015524512,9.866375581311921,10.75136957387197,1.2449285487515678,1.321315928513219,13.036599212281311,5.022668379979158,0.7014814199139688,0.18162403683103812,0.11689454325499309,120.0,4.081545045747962,3.8605706969621316
35,15,27,7.801884015197233,73.67100353845058,9.44271965527139,17.73938097649683,1.9452388788060904,1.4102400062913187,13.316501026057082,5.761995359056842,0.6053926764471005,0.23567029643719345,0.15893702711570604,120.0,4.6641227584665295,4.195307935243819
35,15,28,7.670986251745159,72.11477532639407,9.400978304450469,16.573838944577346,1.7000427800027487,1.3694503699902774,12.874173217300266,5.702073603860439,0.6254491341078475,0.21828139320460213,0.15626947268755048,120.0,4.6049869581813105,4.165135357754785
35,15,29,7.644315517006394,74.33600504671786,9.72435071280636,18.007239116567515,1.946552370970992,1.4107745514440995,13.718866514944503,5.800850073035079,0.5951682104097528,0.24123016296974764,0.16360162662049976,120.0,4.705247469839385,4.205943418002388
35,15,30,7.468920795305059,70.48558375759681,9.437184526297807,15.138391821569183,1.5649994361573638,1.358246877930056,12.818026419293831,5.555474708003272,0.6448432945867649,0.20778273912374667,0.14737396628948854,120.0,4.4892949712664905,4.096737756615907
35,15,31,8.105262544895359,73.95274908215401,9.124041161224193,17.602503524605517,1.9780423386451191,1.4040669312383944,12.810764473732851,5.880655777579301,0.5837182298028178,0.25373739215067936,0.16254437804650274,120.0,4.75084767362042,4.290281154018155
35,15,32,7.397833532120099,75.07988338843853,10.148901440192565,14.936884898067296,1.718773556963463,1.3837968283267708,14.044017623939467,5.384788726878267,0.651510107748941,0.20976927216142605,0.13872062008963285,120.0,4.38460705260011,3.9846960661316455
35,15,33,7.567896293099989,63.09693488269571,8.337447084234517,11.283563167455911,1.3199291245253153,1.3251740458340933,11.048568484542718,5.405615506043421,0.6573005915494785,0.2144325905377379,0.12826681791278371,120.0,4.3415980428318885,4.133040523625365
35,15,34,8.628826385228193,84.36351607359073,9.776939795429632,15.88329795208802,1.7940044440557712,1.3556581274459027,13.254187895223462,5.821683151807354,0.6020962015059647,0.24250426586381169,0.15539953263022357,120.0,4.687485968358697,4.280238228496326
35,15,35,7.293493666341625,65.18054141242334,8.936806473586413,10.947172539636675,1.2063269702137083,1.3182277444463022,11.780746240228929,5.20249965803514,0.6901315656027928,0.18820614655857595,0.12166228783863142,120.0,4.191697078891918,3.994901247547151
35,15,36,7.163808990520423,67.31610137662686,9.396691266573901,11.114078189282683,1.2237785085582822,1.3218211327194391,12.420745093797576,5.148514093811871,0.6937824377072569,0.18443704327238536,0.12178051902035768,120.0,4.162395042379787,3.9426500851873123
35,15,37,7.289341374625381,74.07393694278078,10.161951970124,14.38391806650999,1.628435000174392,1.3719262010826536,13.941448161956606,5.359532575311772,0.6566156116880016,0.20584531868479217,0.13753906962720622,120.0,4.361941225983753,3.9784830105280964
35,15,38,7.2497502418802355,66.98440337250126,9.239546348168918,11.178185803160623,1.2454265085359515,1.3248617301229502,12.24112136038626,5.1443036697507605,0.69546855701879,0.18419720726262057,0.12033423571858949,120.0,4.156524098754599,3.9436913193100143
35,15,39,7.256758425636303,59.107671495941254,8.145189357155491,8.85991840449801,0.9652632850859771,1.2778693962169558,10.408488205901062,5.144250882166208,0.7012465160961059,0.18539170321536955,0.11336178068852455,120.0,4.115403577358132,4.032573839408472
35,15,40,7.24210055717302,63.08613965988855,8.711027851912961,9.95920587296322,1.1551810118658483,1.3115085097687855,11.424587156616752,5.201044484509644,0.6829733989823303,0.19797310678620877,0.11905349423146083,120.0,4.185970420654994,4.031098667418947
35,15,41,7.4584397188990685,70.91802577617459,9.508426487174548,14.921976134297545,1.6733569698930923,1.3780567802955168,13.103151590592368,5.610814765630055,0.6212468163404059,0.23040043515577793,0.14835274850381622,120.0,4.543046291173422,4.150715198287534
35,15,42,7.2941622007174995,66.59909070038395,9.130464728880426,11.311810409937038,1.278490458361217,1.329463258159215,12.138617386965166,5.216980547635215,0.6841718940178451,0.19247867508713226,0.12334943089502272,120.0,4.210252791454031,3.990520107300103
35,15,43,9.266746445252538,97.25292926047882,10.494830071702525,23.738558628866873,2.482533281059673,1.4362241477256792,15.072928375256788,6.183465183082459,0.5479753785473676,0.26364829187410943,0.1883763295785231,120.0,5.0108797477925195,4.365288625298783
35,15,44,7.322812388166063,68.10281291067419,9.30008981531889,11.846977097038284,1.3910854463478033,1.3465994656176805,12.523495975504849,5.260202381548283,0.6720915332656505,0.2021333469224613,0.12577511981188821,120.0,4.255013116012442,4.001435561648258
35,15,45,7.464317277397027,73.07082983759655,9.789352076293033,15.109436172551,1.7362177228813418,1.3906406685078263,13.61347111563462,5.509864595129453,0.6344633182395015,0.22219920005612082,0.1433374817043777,120.0,4.47132912993014,4.076429151673652
35,15,46,7.2432187870656515,60.7534658316709,8.387633677469397,9.393451637858826,1.0279017361293055,1.2875825741426554,10.799770961401675,5.188003405017842,0.6933453315219832,0.1895582942810009,0.11709637419701599,120.0,4.159979701148829,4.039586500176936
35,15,47,7.4526016452656885,71.37673214223813,9.577424842984952,14.187052427959527,1.6074577428184318,1.3726833119612238,13.146771253528287,5.425211531696471,0.6521850417947925,0.20988948865056856,0.13792546955463877,120.0,4.394561861896307,4.042384210923049
35,15,48,8.114524017473354,80.37784206850849,9.905429067118098,17.200782465902602,1.753332206945801,1.3591764145261067,13.463225563788255,5.826545796404909,0.6125420917945703,0.2259423745490712,0.16151553365635857,120.0,4.693340345171443,4.237539926454704
35,15,49,7.1118708994323345,62.81051612319099,8.831785195679592,9.276063187437883,1.0708152083335718,1.3031080351366588,11.508770253091065,5.084071962403534,0.6973712971818384,0.18933464024232174,0.11329406257583984,120.0,4.095764434064175,3.9767089502528044
35,20,0,8.020904137272241,55.70675493470539,6.945196449343205,6.336735497221054,1.1652177963379942,1.2330255191878834,8.563604457813248,4.225155800900434,0.7091306218170046,0.20126062057211722,0.08960875761087816,106.66666666666667,3.716168774392367,3.3789374140930546
35,20,1,5.698880617498454,37.83754240550244,6.639469212483938,6.631476539820985,0.3365739773057306,1.2781114333448689,8.485981511816973,4.64541111713462,0.6835070647519631,0.2042935099063073,0.11219942534172964,106.66666666666667,4.0310366800130675,3.536252641037813
35,20,2,6.735585247917697,57.26606988855602,8.502018426128567,11.948374693292426,1.3989423625492736,1.336781579070124,11.365341616963438,5.130524467395036,0.6124579900407535,0.24384700588418037,0.14369500407506627,106.66666666666667,4.436977822439149,3.6392526116101593
35,20,3,7.350035887526025,55.296554498828506,7.523304014429917,7.339687361750375,1.1219632390654501,1.243077798013996,9.352052188047397,4.382433464483834,0.7055515118777009,0.19273389122728712,0.10171459689501189,106.66666666666667,3.834114324860523,3.3881637238861058
35,20,4,6.095438343748628,40.17130144757811,6.590387627950839,5.702507302229997,0.5026619511805971,1.2447881416281266,8.20363636800592,4.353114849197875,0.7188840563552498,0.18332543961623285,0.09779050402851744,106.66666666666667,3.7996968358183323,3.4258425121346967
35,20,5,8.934398087805,60.47185145500076,6.7684303811738324,5.349001170883402,1.121626405858692,1.201342558374157,8.131203470296743,3.8691011264521964,0.746019240984839,0.17984953873244142,0.07413122028271965,106.66666666666667,3.4294590662432367,3.262759649008994
35,20,6,9.081343338542327,67.90037238250767,7.476908410050991,8.180765899181269,1.5372186920780404,1.2601147557487686,9.421762614887319,4.422042638088893,0.673018159472456,0.22850626803475138,0.09847557249279264,106.66666666666667,3.8824892289244555,3.4396685224740695
35,20,7,9.52042167984997,62.39854631781331,6.5541788395655,5.989445195404173,1.3180912893733019,1.224425424422989,8.025103207379162,4.045314441086063,0.7074361412894551,0.2136319308923434,0.07893192781820166,106.66666666666667,3.589951760262067,3.3481352107527425
35,20,8,7.068814536374175,46.709386248509716,6.607810405571693,5.337413535900211,0.8315052807549631,1.2157851471222576,8.033677746093966,4.093904575347853,0.738557937382458,0.17534058114628634,0.08610148147125563,106.66666666666667,3.604413178098156,3.323110608365181
35,20,9,6.253972007408194,39.66755253473084,6.3427774361225655,5.130464368015127,0.5346393432743382,1.2259049757757927,7.775642419181078,4.179019536652597,0.7368666893137422,0.17286981978136592,0.09026349090489175,106.66666666666667,3.667028403202417,3.359291147622347
35,20,10,6.098297124382819,43.243832159790756,7.09113237314872,6.984096433074171,0.6451000769089394,1.262857216779328,8.955087692568384,4.562078932328553,0.6944012545540049,0.19433929920073156,0.11125944624526359,106.66666666666667,3.9744156175182095,3.460573184914075
35,20,11,7.44948566352061,51.70708313970494,6.941027270232814,6.187434616622901,1.033064882341488,1.2283666862396831,8.526126667035154,4.222281013850594,0.718226384879274,0.18929514547456458,0.09247846964616135,106.66666666666667,3.7167747495353085,3.356273157513231
35,20,12,6.764663619560898,40.45747417636737,5.980707460364971,3.955823702394996,0.5556436021187199,1.189619890087583,7.114768551645364,3.771301666887846,0.7808010430228715,0.1478231634786148,0.07137579349851379,106.66666666666667,3.3360676161138323,3.237591067150947
35,20,13,8.088445008713315,61.28114180960214,7.576381089762834,7.773980587000921,1.3287545466000061,1.2516927961326183,9.483301630811535,4.421328546065629,0.6897378404017057,0.20957387185458756,0.1006882877437067,106.66666666666667,3.8658571445019625,3.421460926939077
35,20,14,8.66715984377599,65.18453390436852,7.520864398408259,7.79963966339695,1.423212701149634,1.252134408849874,9.417133097540988,4.384222691514059,0.6858493269831002,0.21694486236483648,0.09720581065206337,106.66666666666667,3.842515849164356,3.421850950548623
35,20,15,6.679992868550217,42.67251270889663,6.3881075247551875,5.00077149996453,0.6792385769921397,1.2150783739084465,7.762051303531845,4.079565282222804,0.744098062526016,0.1702082731152975,0.08569366435868649,106.66666666666667,3.590995818315349,3.3232782928426494
35,20,16,7.754167570489199,47.16057349230827,6.081964706539477,4.269276655098762,0.8291068873003472,1.1879944894298906,7.225340556275979,3.754741093512485,0.7686599484533299,0.16110771911389835,0.07023233243277183,106.66666666666667,3.339499577708867,3.229243223555652
35,20,17,8.691595579897427,57.33006804276995,6.596034930038303,5.119959530980005,1.0711784623775082,1.1995108065217277,7.912015178775732,3.8519337189576506,0.7490447946765536,0.17730099169947822,0.0736542136239682,106.66666666666667,3.418237533239757,3.258661953392259
35,20,18,6.123686849244876,40.265472584658816,6.575364412963741,5.509284834064618,0.49106627183811574,1.237325414128701,8.135865495317484,4.279768060429365,0.7291171056023926,0.1761307595844021,0.09475213481320521,106.66666666666667,3.73876610103662,3.396217150785306
35,20,19,9.627675433195831,66.76207545856688,6.934391995431626,5.791845944993969,1.2559167077263973,1.2117718285199042,8.402900867977968,3.9323626354195365,0.728716423131642,0.19723875127705515,0.07404482559130292,106.66666666666667,3.4781661568977316,3.304529809757031
35,20,20,7.720922834935705,60.34790675375382,7.816152038288873,8.564377590203609,1.3468815463297366,1.262027826968238,9.86420137213507,4.540578756033644,0.6806602088666218,0.21018468482907296,0.10915510630430517,106.66666666666667,3.9663431279074386,3.4396786423418657
35,20,21,8.834227715044866,67.65636581534696,7.658435801935105,7.9650889314329385,1.4506005728103462,1.2477521216282141,9.555829520218,4.3493096073244795,0.691015402653294,0.21195738222108354,0.09702721512562247,106.66666666666667,3.8159180440280545,3.39552067987739
35,20,22,9.11506657119487,58.941988357981074,6.466435313182197,5.467284750855726,1.2019196324897061,1.2179296776729889,7.875663476677227,3.9921373555338278,0.7200812019991152,0.20416828676064208,0.07575051124024261,106.66666666666667,3.534607710382425,3.337408460396345
35,20,23,9.93815480168294,73.41317209059235,7.387002271101721,8.412589910159145,1.6667203223720446,1.2666378197314327,9.356656451019427,4.417389205745328,0.6578868690927963,0.24607207748571788,0.09604105342148572,106.66666666666667,3.8915688008636655,3.459652125114732
35,20,24,8.801128486479477,59.01916946935454,6.7058638628013805,5.872183791065285,1.2079953768265126,1.2174506874822153,8.164058569929685,4.0374552078663015,0.7221351867208116,0.19636697000287812,0.08149784327631032,106.66666666666667,3.576510513642771,3.317972678146534
35,20,25,6.4429465006794375,45.15701642168016,7.0087523490871995,7.1538845902290555,0.8595444102879077,1.2680040073861885,8.887126065419931,4.584581890776248,0.6798428634169078,0.20972448469014013,0.11043265189295204,106.66666666666667,4.005143135991603,3.4857059395103294
35,20,26,7.711826036422798,53.41092901937848,6.9258472334722985,6.8127187172106884,1.192641218260356,1.2501766365383693,8.658532399520968,4.3850089011082725,0.6882920377055313,0.2152393185382084,0.09646864375626035,106.66666666666667,3.8500483763203692,3.439245441262319
35,20,27,7.645309700015339,53.89449132439354,7.049353582665907,7.038004250057957,1.1977364483996533,1.252353548604064,8.828282974616421,4.416749708718465,0.6871983374340389,0.21406756132852087,0.09873410123744022,106.66666666666667,3.8721573722917664,3.4419196085915544
35,20,28,9.539758478653987,58.78520392305551,6.162127065857312,4.719077391641778,1.127447620251119,1.2009195590782566,7.400218918913555,3.7799749692523,0.739763023939701,0.19476721529750451,0.0654697607627946,106.66666666666667,3.363486115278301,3.287521935046607
35,20,29,6.750034350717262,45.67812067039793,6.767094550495755,5.718235835882936,0.7828743750536629,1.2274613929407496,8.306347303113276,4.213775718460445,0.728553119264577,0.17903773899404618,0.09240914174137672,106.66666666666667,3.698324193867338,3.3578987684362334
35,20,30,6.336229671456771,34.83431642263167,5.497641062405314,3.6156935221636033,0.37822694310262306,1.1923258195860191,6.554979385522168,3.762724722161754,0.7833242870668541,0.14708497019409264,0.06959074273905327,106.66666666666667,3.329706294270561,3.257487431662906
35,20,31,8.93676985322162,65.48790674996371,7.327916890055746,6.777779532740019,1.3111982056524651,1.2269613670447956,8.991070925013444,4.142537249260619,0.715154818480413,0.19838326331707828,0.08646191820250869,106.66666666666667,3.6467455355170544,3.3388097860484733
35,20,32,6.831705070295827,53.37198096221133,7.812395355629749,8.528458406166301,1.099875523555964,1.2761321158733503,9.969648615218928,4.676153123209235,0.6738752006360441,0.20962802246697596,0.11649677689698003,106.66666666666667,4.0644336409429425,3.491996159875991
35,20,33,9.995291710808957,67.1249458821978,6.715656513517116,5.179943979103823,1.215268342551094,1.2006148512043835,8.0629169457161,3.7848560294575444,0.7361535759912164,0.19680856586094997,0.06703785814783363,106.66666666666667,3.3725919832012186,3.2785090297565422
35,20,34,7.224268259766556,56.3331686344177,7.797768107276521,8.390195148660895,1.205408574167276,1.2671897206942602,9.881251589898344,4.596535547642842,0.6795565231534577,0.20865719752082987,0.11178627932571228,106.66666666666667,4.002641781536794,3.4642674133619082
35,20,35,7.513326729064165,53.0137717570744,7.055965176118145,6.985489704613264,1.1589522400141226,1.2472561943751075,8.800596273208404,4.391977442920221,0.6934122488353188,0.2068154900691183,0.09977226109556282,106.66666666666667,3.8563424728162943,3.4173436410097673
35,20,36,8.376948290309377,59.19997915273085,7.0670102167414095,6.903958706799104,1.2943577199652598,1.2422931867100906,8.779298642668453,4.301515488290408,0.6954236217164312,0.2119070033156987,0.09266937496787007,106.66666666666667,3.778299666312979,3.40418487158583
35,20,37,8.800802613963544,56.39503175251755,6.4079418919179005,5.201024107050646,1.120239067975854,1.2084001947987308,7.7433582304525395,3.924623619243852,0.7340466847801114,0.19121671483423408,0.07473660038565454,106.66666666666667,3.4810303502277242,3.3006106330002063
35,20,38,7.579423542803002,54.606625387801756,7.204588195846789,6.556417757003259,1.0852620127067663,1.2329998784193876,8.883256369540845,4.268908864369186,0.714674569906834,0.19168167645151174,0.09364375364165427,106.66666666666667,3.7422386071604703,3.372167719292338
35,20,39,7.644204391367095,54.80110007524603,7.168973678560335,6.250160736104008,1.0564758937357288,1.228030268949832,8.803716674576714,4.2066558042603575,0.7216791319509352,0.18829732521269918,0.09002354283636577,106.66666666666667,3.688297808174562,3.359967423527019
35,20,40,7.023651629568574,56.15208053905812,7.994713220494287,9.551098195120861,1.2830891477823902,1.2835234765392383,10.261402106703036,4.757588858572335,0.6606784089603469,0.21603123544370362,0.12329035559594934,106.66666666666667,4.143382039426026,3.4949686964420805
35,20,41,7.79522652281252,49.82669405736937,6.391949472097173,5.449033372159827,1.0331706610688112,1.2239399860029068,7.823362547409902,4.124966193270451,0.7185112452678418,0.19796053518794055,0.08352821954421764,106.66666666666667,3.6387862008302663,3.3667080032460452
35,20,42,6.535459054687021,44.64921887987787,6.831841268725705,5.4819712667217795,0.6634957068504664,1.2222624428832656,8.350302998503388,4.158083764648564,0.7420545155958223,0.16759797460306147,0.09034750980111633,106.66666666666667,3.64355918886577,3.336263227467807
35,20,43,7.969254466316037,48.54130708280269,6.0910725448627785,4.269308092545681,0.8646817895250994,1.1896461258096525,7.246220855021546,3.7536753518664403,0.7653786681731016,0.16563132864064808,0.06899000318625033,106.66666666666667,3.3361848546882396,3.2411880832458504
35,20,44,6.02414016625681,40.72914033564684,6.760988159569086,6.487622113115361,0.54270665003726,1.2701837486563012,8.587697285142328,4.569311859439781,0.6885632162693449,0.20434470939302807,0.10709207433762706,106.66666666666667,3.973910741570929,3.513508379828977
35,20,45,7.405214309090725,48.94026221603167,6.608892082427925,5.407389540000358,0.9245177119904878,1.2152307956183566,8.031329183484745,4.077788515040509,0.7353009205324735,0.17967841478210722,0.08502066468541918,106.66666666666667,3.5956363832831766,3.3209078614433007
35,20,46,7.89784553157909,62.02111308477674,7.85291543583485,9.038841452164288,1.4438257765344231,1.2697612482647496,9.97132770632318,4.599919546429682,0.6697219018498377,0.21810110952376713,0.11217698862639516,106.66666666666667,4.020372170082868,3.4569622853484114
35,20,47,6.434453593880793,44.317660043784606,6.887556091154498,5.8489971648347145,0.6693004340622368,1.2301224102354924,8.472537099483118,4.24934035358602,0.7322231761750657,0.1721709249329582,0.09560589889197599,106.66666666666667,3.7197640069881546,3.35739161198279
35,20,48,6.132030601070452,43.54153417827039,7.100671378037393,6.335281384935849,0.5672896633670883,1.245289599864569,8.842392219125983,4.385545477978555,0.7208861171025619,0.1768122870082909,0.10230159588914721,106.66666666666667,3.8206251627899466,3.401530818648422
35,20,49,8.308599510477054,65.78442282926568,7.917630732629758,10.070963307863888,1.6561784790539436,1.2968763660746323,10.268188172453709,4.766385364002191,0.6377524622275212,0.24516503587701208,0.11708250189546658,106.66666666666667,4.15647721688143,3.5441933769534417
